titre,theme,date
Covid-19 : le banc d'essai des vaccins,sciences,2021-01-01
Bridgestone : les forçats du pneu ne veulent pas crever,societe,2021-01-02
Être ou ne pas être... conforme,ecologie,2021-01-03
Chine : victoire sur le virus et la démocratie,economie,2021-01-03
"Vaccins, impossible n'est pas français !",sciences,2021-01-04
L'homéopathie ne pompera plus la Sécu,sciences,2021-01-04
Lettre des animaux aux humains sous couvre feu : les bons vœux de l'Arche,ecologie,2021-01-05
"Brexit : de part et d'autre de la Manche, découvrez ces sacrifiés, oubliés de tous",economie,2021-01-05
Aucune chance,politique,2021-01-06
Inceste : vive les gestes barrières,societe,2021-01-06
Les éblouisseurs de conscience,societe,2021-01-06
Covid-19 : en avant pour la troisième vague,societe,2021-01-06
Le travail d'un enseignant,societe,2021-01-06
La solitude des professeurs,culture,2021-01-06
Le prof du futur,culture,2021-01-06
Sondage : Dieu barre la route à un prof sur deux,religions,2021-01-06
Anne Hidalgo : « Je n'ai qu'une boussole : l'universalisme »,politique,2021-01-07
États-Unis : tous égaux devant la loi,international,2021-01-07
"« Trump peut disparaître de la vie politique, pas ses électeurs »",international,2021-01-07
Ministère de l'Environnement : cinquante ans et plus une dent,ecologie,2021-01-07
Anne Hidalgo : « Je n'ai qu'une boussole : l'universalisme »,religions,2021-01-07
"Couvre-feu : journal de Félix, épisode 96",societe,2021-01-08
"Profs, l'Éducation nationale est là pour vous (ou pas)",societe,2021-01-08
Comment Dieu vérole l'éducation : le monde sous catéchisme,religions,2021-01-08
Université : « Des jeunes ne comprennent pas que l'on critique la religion »,religions,2021-01-08
Royaume-Uni : « Nous voulons un modèle similaire à la laïcité française »,religions,2021-01-09
Antisémitisme : la relève est déjà là,religions,2021-01-09
Gauche radicale : Alain Brossat et le professeur pyromane,societe,2021-01-10
Sans craie ni tableau noir,ecologie,2021-01-10
"Washington D.C., en direct de l’enfer débile",international,2021-01-11
États-Unis : la contre-révolution,international,2021-01-11
Enseignement : croire savoir ou savoir croire,societe,2021-01-11
Comment tenir une classe ?,societe,2021-01-11
Comment ne pas heurter les élèves ?,societe,2021-01-12
École : les matières à décapiter,societe,2021-01-12
Lettre des animaux aux humains sous couvre feu : l'anguille,ecologie,2021-01-12
La démocratie passera-t-elle l'hiver ?,politique,2021-01-13
Pologne : des militantes LGBT devant la justice pour blasphème,international,2021-01-13
États-Unis : les plus grands donneurs de leçons,international,2021-01-13
Covid : le milieu scolaire en question,societe,2021-01-13
Islamisme : pourquoi le djihad ne sera pas le genre humain,societe,2021-01-13
Opération Mauricette,societe,2021-01-13
Le chroniqueur a froid,culture,2021-01-13
Les oies noires du Capitole,culture,2021-01-13
États-Unis : la nation des libres penseurs,international,2021-01-14
D-Day Minus 7… Tout le monde balise,international,2021-01-14
Affaire Duhamel : qui couche avec qui ?,societe,2021-01-14
Europacity est enterré mais les bétonneurs bougent encore,ecologie,2021-01-14
Élisabeth Guigou : une carrière en ne sachant rien,politique,2021-01-15
"D-day - 6 : plus mytho, tu meurs !",international,2021-01-15
Le dernier clou dans le cercueil républicain,international,2021-01-15
"Grandes familles : sous les Kouchner, la plage",societe,2021-01-15
"Couvre-feu : journal de Félix, épisode 97",societe,2021-01-15
"Pandémie : on sait (presque) tout, mais on ne fera rien !",ecologie,2021-01-15
D-Day – 5 : Donald n’est pas du tout content,international,2021-01-16
Covid : les dessous du conseil scientifique,sciences,2021-01-16
D-Day – 4 : Donald Trump and Back to the Future,international,2021-01-17
D-Day – 4 : Donald Trump et Retour vers le Futur,international,2021-01-17
"À Lyon, le rectorat lâche les profs laïques",societe,2021-01-17
Bonne année ?,ecologie,2021-01-17
"À Lyon, le rectorat lâche les profs laïques",religions,2021-01-17
"D-Day – 3 : finalement, est-ce qu’il est si raciste que ça, Donald Trump ?",international,2021-01-18
Trump censuré sur les réseaux sociaux : quel dommage...,international,2021-01-18
Anti-masques : ces parents qui nous pompent l'air,societe,2021-01-18
MeToo de l'inceste : la France mise en cause,societe,2021-01-18
Fraudeuse comme une école de commerce,economie,2021-01-18
Veille du départ de Trump : la présidence qui n’a jamais existé,international,2021-01-19
Nous sommes le peuple américain,international,2021-01-19
Covid-19 : bienvenue au variant anglais,societe,2021-01-19
Lettre des animaux : le flamant rose,ecologie,2021-01-19
Charte de l'islam : certains regrettent déjà,religions,2021-01-19
Les échappés du web : good morning America !,international,2021-01-20
Trump : son péché originel,international,2021-01-20
« Biden ne pourra pas réconcilier une partie de l'Amérique avec la démocratie »,international,2021-01-20
"Départ de Trump : Hé, Donald ! Ouaf ouaf",international,2021-01-20
La guerre des cerveaux,international,2021-01-20
Petit tour d'horizon,ecologie,2021-01-20
Le rose et le noir,culture,2021-01-20
L'amitié d'Hervé Guibert,culture,2021-01-20
Étudier au temps du Covid : « On commence tous à saturer ! »,societe,2021-01-21
Zoom et couvre-feu : la vie pourrie des étudiants d'aujourd'hui,societe,2021-01-21
Vivement le vaccin contre le virus des consultants,economie,2021-01-21
Extrême droite : des Zouaves devant la justice,societe,2021-01-22
CNews : Donald Trump bientôt recruté,societe,2021-01-22
Résolution 2021 : la vaccination ou sinon...,societe,2021-01-22
"L'écologie, c'est aussi pour les oreilles",ecologie,2021-01-22
De l'intolérance en Amérique : trois cartes postales,international,2021-01-23
Twitter est-il vraiment pour la démocratie ?,societe,2021-01-24
Le gouvernement déteste la jeunesse,economie,2021-01-24
"La pédophilie, l'inépuisable obsession antisémite",societe,2021-01-25
L’astroturfing ou comment exciter les foules,societe,2021-01-25
Journalisme sous tutelle,societe,2021-01-25
Plaidoyer pour une police qui nous ressemble,societe,2021-01-25
Lettre des animaux aux humains : la charolaise,ecologie,2021-01-26
Aéroports de Paris : la baisse de salaire ou la porte,economie,2021-01-26
"Étudiants étrangers en France, eux au moins ne se plaignent pas",societe,2021-01-27
Populisme de référence,societe,2021-01-27
Un thermomètre dans le cul de la pensée,societe,2021-01-27
Cavanna savait ramener sa science,sciences,2021-01-27
Piranhas,culture,2021-01-27
Le pays du récit,culture,2021-01-27
Guerre de 1870 : la mère de toutes les frustrations,politique,2021-01-28
"« #Balance ton porc, ça a été une déflagration dans ma vie »",societe,2021-01-28
Tuto pour devenir un parent incestueux,societe,2021-01-28
Mort du baron de Rothschild : un drame de la richesse,societe,2021-01-28
Interdiction de parler dans le métro : des mesures à l'étude,societe,2021-01-29
Anti-confinement : des rebelles surtout virtuels ?,societe,2021-01-29
"« À partir du 20, je vole »",societe,2021-01-30
Des restos U aux restos du cœur,societe,2021-01-31
Paz et les mal-aimés,ecologie,2021-01-31
"Robert McNamara, criminel de guerre",ecologie,2021-01-31
Être diplômé ? Quelle bonne idée,economie,2021-01-31
"« Célébrer le #WorldHijabDay, c'est célébrer la sexualisation des femmes »",international,2021-02-01
Alexeï Navalny : le super-héros à la cape crottée,societe,2021-02-01
Covid : une aubaine pour l'écologie,societe,2021-02-01
"« Célébrer le #WorldHijabDay, c'est célébrer la sexualisation des femmes »",societe,2021-02-01
"Malaise étudiant : sous les pavés, la déprime",societe,2021-02-01
"Éteignez la télé, observez les oiseaux !",ecologie,2021-02-02
Être musicien au temps du Covid,culture,2021-02-02
Emmanuel Weiss : « La santé mentale des étudiants ne préoccupe pas grand monde »,societe,2021-02-03
Libres enfants de Summertrans,societe,2021-02-03
L'année où nous sommes tous devenus des vieux cons,societe,2021-02-03
"À Fournès, les opposants à Amazon sèment leur zone",ecologie,2021-02-03
Vive la recherche française !,sciences,2021-02-03
Grand corps malade,culture,2021-02-03
Nous avons besoin de Patrick Dewaere,culture,2021-02-03
"France, démocratie défaillante",politique,2021-02-04
Vaccins : le magnifique plantage de la Commission européenne,economie,2021-02-04
"Pologne : « Comme nos sœurs en Argentine, nous irons jusqu'au bout »",international,2021-02-05
Une pharmacie par temps de Covid,societe,2021-02-05
Les Français veulent être reconfinés,societe,2021-02-05
Sanofi : ils auront essayé malgré tout,economie,2021-02-05
Paris : panique dans le XVe arrondissement,societe,2021-02-06
Mais d'où vient ce salopard de virus ?,ecologie,2021-02-07
Après la captivité... Retour à la captivité,ecologie,2021-02-07
Les dark patterns ou comment ruiner la navigation Internet,societe,2021-02-08
Violences intrafamiliales : y en aura pour tout le monde !,societe,2021-02-08
"Au secours, la droite est de gauche !",economie,2021-02-08
Lu pour vous : les Carnets de guerre de Didier Raoult,sciences,2021-02-08
"Génération identitaire : dissoudre, ce n'est pas résoudre",politique,2021-02-09
Lettre des animaux : le bœuf,ecologie,2021-02-09
Les balles et les vertèbres,politique,2021-02-10
Séparatisme dur : la proposition de loi du RN,politique,2021-02-10
Peut-on rire de la gauche ?,societe,2021-02-10
Ces barrages qui tuent l'eau,ecologie,2021-02-10
Visitez le musée de la pandémie,culture,2021-02-10
Tous pareils,culture,2021-02-10
"Thérèse, les huîtres et LaCineTek",culture,2021-02-10
Les affiches du Rassemblement national pour 2022,politique,2021-02-11
"Veolia veut bouffer Suez, et c’est nous qui trinquons !",politique,2021-02-11
Égalité des chances : priorité à l'émancipation,politique,2021-02-11
"RN : un parti qui sent la poudre, la trahison et les longs couteaux",politique,2021-02-11
"Veolia veut bouffer Suez, et c’est nous qui trinquons !",economie,2021-02-11
Marjorie Taylor Greene : comment être plus bête que Trump,international,2021-02-12
Reportage en zone de guerre,international,2021-02-12
Pour un permis de détention d'animal,societe,2021-02-12
Loi climat et résilience : l'écologie entre dans la vie des Français,ecologie,2021-02-12
L214 : l'abattoir de l'horreur,ecologie,2021-02-12
Parcoursup : faites vos vœux !,societe,2021-02-13
Pyrénées : quand l'ours sert à faire du pognon,ecologie,2021-02-13
Langues rares : tentative de sauvetage numérique,societe,2021-02-14
Des machines pour réparer nos conneries,ecologie,2021-02-14
PPL Animaux : top départ,ecologie,2021-02-14
Les échappés du web : toujours pas de vaccin français,international,2021-02-15
Voile islamique : tour du monde d'un étendard politique,religions,2021-02-15
Comment réchauffer les « cold cases »,societe,2021-02-16
Les reptiles peuvent désormais siffler tranquille,ecologie,2021-02-16
Faut-il faire piquer le cirque ?,ecologie,2021-02-16
"Démocraties, faites péter le score !",politique,2021-02-17
"Thomas Chatterton Williams : « Il faut défendre le droit d'offenser, de dire des choses qui ne sont pas à l'unisson du nouveau consensus »",societe,2021-02-17
Le viol forme la jeunesse,societe,2021-02-17
Homéopathie et complot : les brèves de la semaine,societe,2021-02-17
"Visitez le musée de la pandémie, tome 2",culture,2021-02-17
"Thoreau, un confinement volontaire",culture,2021-02-17
Grandes écoles pour petits tortionnaires,societe,2021-02-18
"Le Bitcoin, comme son nom l’indique",economie,2021-02-18
(Presque) Lu pour vous : Vanessavirus,culture,2021-02-18
Macron va enfin trucider le cancer,ecologie,2021-02-19
"De Mars aux déserts africains, à la recherche de la vie perdue",sciences,2021-02-19
Ne touchez pas à la liberté d'expression des publicitaires,societe,2021-02-20
Goût et dégoût (et inversement),ecologie,2021-02-21
Brevets : vaccinons-nous contre le secret,economie,2021-02-21
"Post-trumpisme : Biden, le genre et la méthode",international,2021-02-22
"Le musée de la pandémie continue de prospérer, tome 3",culture,2021-02-22
Un langage neutre pour ne pas froisser,societe,2021-02-23
Quand le peuple des fleuves disparaît,ecologie,2021-02-23
OAS : 60 ans et encore quelques dents,politique,2021-02-24
"Alexis Carrel, futur président du CNRS ?",politique,2021-02-24
Inceste : tolérance zéro,societe,2021-02-24
Assange contre Mata Hari,societe,2021-02-24
Adieu aux martiens,culture,2021-02-24
"Jérôme Lejeune, saint patron des réacs et des usurpateurs ?",religions,2021-02-24
Un suffixe piégé,religions,2021-02-24
"Mourir dans la dignité, c'est possible !",societe,2021-02-25
"Jeunes contre vieux, au bonheur de Manu",economie,2021-02-25
Monsieur Patate : qui le remplacera ?,societe,2021-02-26
Bruno Latour : le nouveau curé de la gauche,societe,2021-02-26
"Bayrou, phare de la pensée économique française",economie,2021-02-26
CNews : le nouveau rendez-vous des culs-bénits,religions,2021-02-26
Bruno Latour : le nouveau curé de la gauche,religions,2021-02-26
L'homme qui avait peur de la terre,societe,2021-02-27
"Les écolos à Lyon : alors, ça pousse ?",politique,2021-02-28
"Les écolos à Lyon : alors, ça pousse ?",ecologie,2021-02-28
Une peur irrationnelle des loups,ecologie,2021-02-28
Bordeaux se tient à carreau sous les écolos ?,politique,2021-03-01
Élisabeth Borne et le déficit imaginaire de l'assurance-chômage,societe,2021-03-01
Bordeaux se tient à carreau sous les écolos ?,ecologie,2021-03-01
L'Inde des pedzouilles en révolution,ecologie,2021-03-01
Bilan mitigé pour le 1er concert test,culture,2021-03-01
Vaccins : BoJo a-t-il sauvé l'Angleterre ?,international,2021-03-02
La Nuit de la chouette,ecologie,2021-03-02
"Darmanin - Zemmour : à la fin, c'est Le Pen qui gagne",politique,2021-03-03
La démocratie nous fera-t-elle crever ?,politique,2021-03-03
Islamo-gauchisme : savoir de quoi on parle,societe,2021-03-03
Élysée-crochet,societe,2021-03-03
Hervé Morin : j'irai pourrir ma Normandie,ecologie,2021-03-03
Désinfection littéraire,culture,2021-03-03
La chasse enchantée,culture,2021-03-03
"Sarkozy et Booba, ces justiciables qui plaident leur cause à la télé",politique,2021-03-04
La parole des taxis se libère,societe,2021-03-04
"Joe Biden, déjà bidon ?",economie,2021-03-04
Extrême droite : désirs de Zemmour,politique,2021-03-05
Comment le capitalisme récupère la cause des femmes,societe,2021-03-05
Netflix & Co : les soutiers des sous-titres,culture,2021-03-05
"Lu pour vous : Pouvoirs, le livre d'Étienne Mougeotte",culture,2021-03-05
Religions à l'école : faut grave être tolérant,religions,2021-03-05
Elon Musk veut installer Mars au Mont-Saint-Michel,societe,2021-03-06
Rouvrez les musées ! (Tome 4),culture,2021-03-06
Décoloniaux : quand l'Histoire ne tient qu'à un boulon,societe,2021-03-07
Le salon de l'agriculture revisité,societe,2021-03-07
Des luttes communes,ecologie,2021-03-07
"8 mars 2021, journée du ras-le-bol des sages-femmes",societe,2021-03-08
Quand des « antifas » s’en prennent à des féministes lors d'une manifestation,societe,2021-03-08
"Pour l'ours blanc, c'est quasi foutu !",ecologie,2021-03-08
"L'Afep, la force de frappe des vrais patrons",economie,2021-03-08
"Billancourt, reviens !",economie,2021-03-08
Lâchez les cuisses des grenouilles,ecologie,2021-03-09
Petits hommes verts : quand E.T fait de la résistance,sciences,2021-03-09
Et si on essayait Le Pen ?,politique,2021-03-10
Les Français ont-ils le droit d'être stupides ?,societe,2021-03-10
Respirons du pneu !,ecologie,2021-03-10
Petit bordel,culture,2021-03-10
Une bonne Saint-Barthélemy pour les jeunes,religions,2021-03-10
Incendie chez OVH : un beau nuage de données,societe,2021-03-11
"Après Fukushima, on poursuit le mythe du nucléaire sécurisé ?",ecologie,2021-03-11
PNF : à quand un vaccin anti-ripoux ?,economie,2021-03-11
"Lu pour vous : Comment éviter un désastre, selon Bill Gates",culture,2021-03-11
12 mars 2021 : journée mondiale pour la liberté d'expression sur Internet,societe,2021-03-12
Enquête - La très véridique histoire du poison chlordécone,ecologie,2021-03-12
Des pêcheurs français à l'abordage de Sea Shepherd,ecologie,2021-03-12
Erdogan vient traquer les opposants jusqu'en France,politique,2021-03-13
Génération identitaire : le changement dans la continuité,societe,2021-03-13
Ouïgours : le bonheur est dans le camp,international,2021-03-14
Blancafort méprise l'europe,ecologie,2021-03-14
Le blabla inutile de Muriel Pénicaud pour draguer la jeunesse,economie,2021-03-14
Covid : les soignants pètent les plombs,sciences,2021-03-15
"Deep Time, l'expérience qui frise l'indécence",sciences,2021-03-15
« Cancel culture » : Amazon invente l'autodafé virtuel,societe,2021-03-16
Chiens de meute : c'est pas la vie de château,ecologie,2021-03-16
Le nucléaire low cost en procès aux prud'hommes,societe,2021-03-17
Zigzaguer entre les balles de #MeToo,societe,2021-03-17
Le retour de la révolution culturelle,societe,2021-03-17
Le nucléaire low cost en procès aux prud'hommes,ecologie,2021-03-17
Cimetière marin,culture,2021-03-17
Ivre de couleurs,culture,2021-03-17
Pape François : le pape de tous les combats,religions,2021-03-17
A-t-on le droit de caricaturer le vide ?,religions,2021-03-17
Podcast in English : our cover with Meghan Markle and Elisabeth II,politique,2021-03-18
Les jihadistes et la révolution culturelle,societe,2021-03-18
Écologie sonore : à l'écoute des animaux,ecologie,2021-03-18
Le nouveau directeur général de l’OCDE kiffe le charbon,economie,2021-03-18
Covid-19 : les nouvelles non-mesures de Castex,politique,2021-03-19
"Kathleen Stock, pour un féminisme sexué",international,2021-03-19
Violences entre jeunes : « On n'a pas le choix »,societe,2021-03-19
Islamo-gauchisme : comment l'empêcher de faire école,societe,2021-03-19
"Lu pour vous : Génération fracassée, de Maxime Lledo",culture,2021-03-19
Islamo-gauchisme : comment l'empêcher de faire école,religions,2021-03-19
Radioactivité : les Polynésiens plutôt Gauguin ou Picasso ?,ecologie,2021-03-20
"Bruxelles, une vraie place pour les animaux",ecologie,2021-03-21
Faut-il taxer l'héritage ?,economie,2021-03-21
Europe des droites : les chrétiens-nationaux s'organisent,politique,2021-03-22
"Covid-19 : et pas d'audition, c'est grave docteur ?",societe,2021-03-22
Covid-19 : des salariés de start-up balancent leur patron,societe,2021-03-22
Un gaz cancérogène dans la bouche des nouveau-nés (et dans la nôtre),sciences,2021-03-23
Hugues Aufray : « Je veux rester libre de mes pensées »,culture,2021-03-23
Confinement : le der des ders ?,international,2021-03-24
Sexisme au travail : on a des solutions !,societe,2021-03-24
Le variant parano,societe,2021-03-24
Bayrou attrapé au filet par le lobby nucléaire,ecologie,2021-03-24
Nucléaire : un atome de mémoire tous les dix ans,ecologie,2021-03-24
C'est du j'expire,culture,2021-03-24
Semaine de la presse : à l'école de la caricature,societe,2021-03-25
Semaine de la presse : comment devenir un bon journaliste ?,societe,2021-03-25
Quand le « féminisme » est récupéré par l'extrême droite : Solveig Mineo (2/2),societe,2021-03-25
Quand le « féminisme » est récupéré par l'extrême droite : le collectif Némésis (1/2),societe,2021-03-25
"Biden, plus fort que Reagan ?",economie,2021-03-25
"Georges Cochon, précurseur méconnu du droit au logement",societe,2021-03-26
Un manuel d'éducation sexuelle ultra-réac distribué à des écoliers,societe,2021-03-26
Aide à l'enfance : un parcours semé d'embûches,societe,2021-03-26
Lu pour vous : « Je vous pardonne tous vos péchés »,culture,2021-03-26
Lu pour vous : « Je vous pardonne tous vos péchés »,religions,2021-03-26
Culture « woke » : les résistants sortent du maquis,international,2021-03-27
Caricatures : les pattes poilues de la Reine,international,2021-03-27
"Corrida, chasse...",ecologie,2021-03-28
Vous avez dit  gratuit ?,economie,2021-03-28
Une œuvre sur « Charlie » qui dérange,culture,2021-03-28
Néonazis dans l'armée : les campagnes de recrutement s'adaptent,societe,2021-03-29
Convention d'Istanbul : les droits de femmes expulsés de Turquie,societe,2021-03-29
Comment on décapite les sangliers,ecologie,2021-03-29
Théâtres occupés : la villa des intermittents brisés,culture,2021-03-29
Chiens : la race ne fait pas le danger,societe,2021-03-30
Quand les aigles terrassent les éoliennes,ecologie,2021-03-30
Génocide rwandais : « On ne savait pas »... qu'on était nuls,international,2021-03-31
"Deux Covid achetés, le troisième offert",societe,2021-03-31
Marche pour le climat : « l'État doit porter ses couilles »,ecologie,2021-03-31
Landes : la guerre de l'eau est déclarée,ecologie,2021-03-31
Dante censuré,culture,2021-03-31
Hitchcock et les femmes,culture,2021-03-31
"Les États-Unis, nouvel eldorado du syndicalisme",international,2021-04-01
"En Russie, la répression bat son plein",international,2021-04-01
"Reworld Media, naufrageur de Science et Vie",sciences,2021-04-01
Portrait du vainqueur du prix Charlie : Dieu est humour,culture,2021-04-01
Portrait du vainqueur du prix Charlie : Dieu est humour,religions,2021-04-01
Balade dans l'air pollué du métro,societe,2021-04-02
"Carnaval de Marseille : putain, con",societe,2021-04-02
Chercheurs en virologie : des soldats de première ligne longtemps méprisés,sciences,2021-04-02
Pays-Bas : la victoire de la politique des « tribus »,politique,2021-04-03
La galère des livreurs Deliveroo,societe,2021-04-03
"Méditerranée, cimetière marin",ecologie,2021-04-04
Croissance : elle ne reviendra pas,economie,2021-04-04
"Jean Birnbaum : « La vraie lâcheté, c'est l'arrogance idéologique, la vraie impuissance, c'est le fanatisme »",societe,2021-04-05
Covid-19 : la reconversion professionnelle parfaite,societe,2021-04-05
"Le climat, la sécheresse et la FNSEA",ecologie,2021-04-05
« Les actes de l'agro-industrie deviennent super inquiétants »,ecologie,2021-04-06
SOS : Faune sauvage en détresse,ecologie,2021-04-06
Jean Birnbaum : « Au nom de quoi la gauche peut-elle leur dénier tout rapport au religieux ? »,politique,2021-04-07
À bas la société destructrice d'animaux !,societe,2021-04-07
Comment la biscotte devient madeleine,culture,2021-04-07
Dantedì,culture,2021-04-07
Jean Birnbaum : « Au nom de quoi la gauche peut-elle leur dénier tout rapport au religieux ? »,religions,2021-04-07
Sondage : 52% des Alsaciens pour la suppression du Concordat,religions,2021-04-07
Laïcité : le produit de luxe le moins cher du monde,religions,2021-04-07
Liberté d'expression : comment dit-on « Samuel Paty » en anglais ?,international,2021-04-08
Hausse de la pauvreté : la plus grande réussite du quinquennat ?,economie,2021-04-08
Liberté d'expression : comment dit-on « Samuel Paty » en anglais ?,religions,2021-04-08
Saint-Denis : rencontre avec un fromager menacé,societe,2021-04-09
"Rachel Khan : « Pour moi qui suis métisse, ça veut dire quoi, la non-mixité ? »",societe,2021-04-09
Les directeurs d'hôpitaux et le serment d'hypocrites,societe,2021-04-09
"Dessiner encore, déconner toujours",culture,2021-04-09
Ici et là,ecologie,2021-04-11
Hôpital : toujours pas assez de lits de réanimation,economie,2021-04-11
La démocratie peut-elle dépasser les bornes ?,politique,2021-04-12
Covid : quelques notions d'hygiène,societe,2021-04-12
Pauvreté : les associations ne veulent plus jouer la comédie,societe,2021-04-12
Biologie : l'Homme a-t-il atteint ses limites ?,sciences,2021-04-12
Cédric Villani : « L’univers est écrit en langage mathématique »,ecologie,2021-04-13
Agro-industrie : la Bretagne veut en finir avec la loi du silence,societe,2021-04-14
La France des cancres contre la France des premiers de la classe,societe,2021-04-14
Pour une fin de vie psychédélique,sciences,2021-04-14
Le variant Brewster McCloud,culture,2021-04-14
La parole qui sauve,culture,2021-04-14
Les faux-culs de la laïcité,religions,2021-04-14
Afghanistan : que restera-t-il de l'Amérique ?,international,2021-04-15
Harcelée sur les réseaux sociaux pour avoir défendu la laïcité,societe,2021-04-15
Menaces sur les journalistes bretons,societe,2021-04-15
Harcelée sur les réseaux sociaux pour avoir défendu la laïcité,religions,2021-04-15
Carnet d'une présidentielle : Édouard Philippe ne sera pas candidat,politique,2021-04-16
RN : la jeunesse n'emmerde plus l'extrême droite,politique,2021-04-16
Enfants disparus : voyons le côté positif !,societe,2021-04-16
Pour qui le pactole de la Pac ?,ecologie,2021-04-16
Lu pour vous : le dernier livre de Jean-Claude Gaudin,culture,2021-04-16
Dîners clandestins : pendons les ministres avec les tripes des cuistots !,societe,2021-04-17
"Les « trigger warnings », ou la mise sous cloche du monde",culture,2021-04-17
Des élevages taille XXL,ecologie,2021-04-18
"Une seule solution, la taxation",economie,2021-04-18
Ehpad : la vie avant la mort,societe,2021-04-19
Dîners clandestins : Jean Moulin est en cuisine,societe,2021-04-19
Enfin des vérités sur Tchernobyl,ecologie,2021-04-19
Macron contre la drogue : plus c'est gros plus ça passe ?,politique,2021-04-20
Israël : Netanyahou livre le pays à l'extrême droite,politique,2021-04-20
Israël : Netanyahou livre le pays à l'extrême droite,international,2021-04-20
Chasse : Les podencos de la discorde,ecologie,2021-04-20
Un programme commun pour une fin commune,politique,2021-04-21
"Navalny versus Poutine : des Russes manifestent, l'Europe sermonne",international,2021-04-21
"Le loup, l'agneau et le dessinateur",culture,2021-04-21
Là où le mot défaille,culture,2021-04-21
Inde : quelle stratégie pour lutter contre le Covid ?,international,2021-04-22
Excursion dans les librairies d'extrême-droite parisiennes,societe,2021-04-22
Écobuage : quand Jean Lassalle défend les incendiaires,ecologie,2021-04-22
Italie : enfin des allocations familiales !,international,2021-04-23
Amazon : les salariés choisissent l’esclavage,economie,2021-04-23
Reportage - Les prolétaires de l'archéologie,sciences,2021-04-23
Lu pour vous : le dernier livre de Juan Branco,culture,2021-04-23
"Irlande : Quand Londres bousille, Belfast brûle",international,2021-04-24
Peut-on rire de tout Erdogan ?,international,2021-04-25
"Chevaux : sur l'herbe, c'est mieux",ecologie,2021-04-25
Dépenses publiques : pourquoi tant de haine ?,economie,2021-04-25
Antennes téléphoniques : Free est-il libre de faire n'importe quoi ?,ecologie,2021-04-26
T9 : le tramway de la déprime,societe,2021-04-27
La plaie des apiculteurs : le frelon asiatique,ecologie,2021-04-27
Inconnues mais très influentes : les Associations familiales catholiques,religions,2021-04-27
Bataille politique sur les ruines de l'Observatoire de la laïcité,politique,2021-04-28
Un incroyable talent de gauche,politique,2021-04-28
Musk et Bezos : les négriers de l'espace,international,2021-04-28
Rassemblement pour Sarah Halimi : « Jewish lives matter »,societe,2021-04-28
L'autre Père Noël,culture,2021-04-28
La poésie est notre avenir,culture,2021-04-28
La livraison au temps du Covid,societe,2021-04-29
Extrême droite : les dessous bruns de l'affaire Mia,societe,2021-04-29
"OK boomer : oublions le climat, partageons l’héritage !",economie,2021-04-29
Présidentielle : Emmanuel Macron à la conquête de la province,politique,2021-04-30
Enquête : Le racisme derrière le rire jaune,societe,2021-04-30
Un mémorial pour les morts du Covid,societe,2021-04-30
L’éternel retour des algues vertes,ecologie,2021-04-30
Qui sont les torpilleurs de la laïcité ?,religions,2021-05-01
Complotisme : une cagnotte pour libérer un facho,societe,2021-05-02
Enquête après enquête…,ecologie,2021-05-02
Espace infini à vendre,economie,2021-05-02
La nouvelle stratégie com de Macron : un message différent par public,politique,2021-05-03
"En Russie, le retour des « ennemis du peuple »",international,2021-05-03
Pompili et Le Drian foutent la zone nucléaire,ecologie,2021-05-03
À quoi sert l’ISS ?,sciences,2021-05-03
Les haies sont en danger (et la biodiversité avec),ecologie,2021-05-04
La Super Ligue des spécialistes,economie,2021-05-04
"Bicentenaire de Napoléon : caporal, te voilà !",politique,2021-05-05
Les bleu-bites de la politique,politique,2021-05-05
Le variant français,societe,2021-05-05
Iconophobie,culture,2021-05-05
Banlieues : le tour de France de la mixité bancale,politique,2021-05-06
Insurrection : choisissez votre camp,societe,2021-05-06
Réforme de l’assurance-chômage : tous inégaux dans la misère,economie,2021-05-06
Mitterrand : l’inventeur du « en même temps »,politique,2021-05-07
Tribune putschiste : les vieilles ganaches qui font vibrer la droite,politique,2021-05-07
Ces complotistes qui voient des violeurs d’enfants partout,societe,2021-05-07
Reportage à Lille : le mystère des noyés de la Deûle,societe,2021-05-07
Mixité sociale : petit tour à Saint-Denis (93),societe,2021-05-07
Marine Le Pen : son tuto pour devenir présidente,politique,2021-05-08
"Labos, cargos… et tombeaux",ecologie,2021-05-09
"Pauvreté publique, richesse privée",economie,2021-05-09
Tribunes de militaires : non à la tentation « culottes de peau »,politique,2021-05-10
Mariés au premier regard : M6 et la science,societe,2021-05-10
Fourniret : mort d’un tueur controversé,societe,2021-05-11
Le dernier vol de la pie-grièche à poitrine rose,ecologie,2021-05-11
Galerie : le conflit israélo-palestinien,international,2021-05-12
Les petits métiers du Covid,societe,2021-05-12
Diviser pour mieux se planter,societe,2021-05-12
Rachel Carson au pays des merveilles,ecologie,2021-05-12
10 Mai 2022 : quel programme économique pour la gauche ?,economie,2021-05-12
La Commune de Paris : bataillon des enfants perdus,culture,2021-05-12
Rachel Carson au pays des merveilles,culture,2021-05-12
Israël-Palestine : l’espoir renaît,international,2021-05-13
Espagne : pour une droite de Franco à Franco,international,2021-05-13
Bonus : Plantu réclame aussi la paix au Proche-Orient,international,2021-05-14
Asra Nomani : « Le wokisme a la rigueur idéologique d’une nouvelle religion »,international,2021-05-14
Conflit israélo-palestinien : Macron demande la paix,international,2021-05-14
Enquête : Quand la MGEN donne dans le racialisme,societe,2021-05-14
"Portrait : Alain, un peu de baume sur la mort",societe,2021-05-14
"Influenceurs, sportifs, journalistes : Dubaï, le paradis des nouveaux beaufs",international,2021-05-15
Regardé pour vous : Les Marseillais à Dubaï,societe,2021-05-16
De tous les côtés,ecologie,2021-05-16
Et si Wall Street avait raison ?,economie,2021-05-16
"Dur, dur d’être policier",societe,2021-05-17
Des mouches qui ne sont que de la merde,ecologie,2021-05-17
"En France, le bilan des salles de shoot est positif",sciences,2021-05-17
Déconfinement : dernier jour avant le retour à une vie de merde,societe,2021-05-18
La biodiversité célébrée lors de la Fête de la Nature,ecologie,2021-05-18
Nabokov sans les dents,politique,2021-05-19
"Israël, l’État-enfant",international,2021-05-19
"Conflit israélo-palestinien : les morts, ces gros veinards",international,2021-05-19
Policiers : les mesures du gouvernement pour améliorer leurs conditions de travail,societe,2021-05-19
Bicentenaire de la mort de Napoléon : « Vive l’empereur »,societe,2021-05-19
Origine du Covid : la piste accidentelle pas si absurde,sciences,2021-05-19
Fulgurance de Lascaux,culture,2021-05-19
Complotisme : Karl Zéro et la « vérité » sur Fourniret,societe,2021-05-20
"Policiers : Allô, Marine bobo…",societe,2021-05-20
TF1 et M6 : un mariage pour le pire,economie,2021-05-20
Mont-Saint-Michel : la guerre des moutons,societe,2021-05-21
Techniciens de laboratoire : ces invisibles qui ne veulent plus l’être,societe,2021-05-21
Rwanda : deux génocides sinon rien,societe,2021-05-21
Astuce écolo : comment recycler le plastique,ecologie,2021-05-21
La Rochelle : une montagne de déchets pour combler un lac bleu,ecologie,2021-05-22
Lu pour vous : le livre du moine Patrick Buisson,culture,2021-05-22
Charb : lettre à un fils,ecologie,2021-05-23
Matières premières : comme la Chine le voudra,economie,2021-05-23
Tuto : comment devenir président de la République,politique,2021-05-24
"Mitterrand : le candidat unique pour la gauche, c’est lui !",politique,2021-05-24
Barbès : dernière station avant Gaza,societe,2021-05-24
Quand les cochons donnent du fric aux flics,ecologie,2021-05-24
Thomas Pesquet : un branleur en orbite,sciences,2021-05-24
François Boucq : la liberté exposée à Tourcoing,culture,2021-05-24
